<?xml version="1.0" encoding="UTF-8" standalone="no"?>
<databaseChangeLog xmlns="http://www.liquibase.org/xml/ns/dbchangelog"
                   xmlns:xsi="http://www.w3.org/2001/XMLSchema-instance"
                   xsi:schemaLocation="http://www.liquibase.org/xml/ns/dbchangelog http://www.liquibase.org/xml/ns/dbchangelog/dbchangelog-3.3.xsd">

    <changeSet author="jgentry" id="add-start-end-time-in-execution">
        <addColumn tableName="EXECUTION">
           <column name="START_DT" type="datetime"/>
        </addColumn>
        <addColumn tableName="EXECUTION">
            <column name="END_DT" type="datetime"/>
        </addColumn>
    </changeSet>
</databaseChangeLog>
