<?xml version="1.0" encoding="UTF-8" standalone="no"?>
<databaseChangeLog xmlns="http://www.liquibase.org/xml/ns/dbchangelog"
                   xmlns:xsi="http://www.w3.org/2001/XMLSchema-instance"
                   xsi:schemaLocation="http://www.liquibase.org/xml/ns/dbchangelog http://www.liquibase.org/xml/ns/dbchangelog/dbchangelog-3.3.xsd">
    <changeSet author="rmunshi" id="BACKEND_KV_STORE">
        <comment>
            Storage for all Backend K/V Pairs.
        </comment>
        <createTable tableName="BACKEND_KV_STORE">
            <column autoIncrement="true" name="BACKEND_KV_STORE_ID" type="INT">
                <constraints primaryKey="true" primaryKeyName="PK_BACKEND_KV_STORE_ID"/>
            </column>
            <column name="WORKFLOW_EXECUTION_UUID" type="VARCHAR(255)">
                <constraints nullable="false"/>
            </column>
            <column name="CALL_FQN" type="VARCHAR(255)">
                <constraints nullable="false"/>
            </column>
            <column name="JOB_SCATTER_INDEX" type="INT">
                <constraints nullable="false"/>
            </column>
            <column name="JOB_RETRY_ATTEMPT" type="INT">
                <constraints nullable="false"/>
            </column>
            <column name="STORE_KEY" type="VARCHAR(255)">
                <constraints nullable="false"/>
            </column>
            <column name="STORE_VALUE" type="VARCHAR(255)">
                <constraints nullable="false"/>
            </column>
        </createTable>
    </changeSet>

    <changeSet author="rmunshi" id="backend_KV_store_job_key_constraint">
        <addUniqueConstraint
                tableName="BACKEND_KV_STORE"
                columnNames="WORKFLOW_EXECUTION_UUID, CALL_FQN, JOB_SCATTER_INDEX, JOB_RETRY_ATTEMPT, STORE_KEY"
                constraintName="UK_BACKEND_KV_STORE_KEY"/>
    </changeSet>
</databaseChangeLog>
