<?xml version="1.0" encoding="UTF-8" standalone="no"?>
<databaseChangeLog xmlns="http://www.liquibase.org/xml/ns/dbchangelog"
                   xmlns:xsi="http://www.w3.org/2001/XMLSchema-instance"
                   xsi:schemaLocation="http://www.liquibase.org/xml/ns/dbchangelog http://www.liquibase.org/xml/ns/dbchangelog/dbchangelog-3.3.xsd">

    <property name="boolean.type" value="BOOLEAN" dbms="!mysql"/>
    <property name="boolean.type" value="TINYINT" dbms="mysql"/>

    <changeSet id="call_caching_fix_boolean" author="mcovarr">
        <modifyDataType columnName="ALLOW_RESULT_REUSE"
                        newDataType="${boolean.type}"
                        tableName="CALL_CACHING_RESULT_METAINFO"/>
    </changeSet>

    <changeSet id="call_caching_reuse_default" author="mcovarr">
        <addDefaultValue columnName="ALLOW_RESULT_REUSE"
                         defaultValueBoolean="true"
                         tableName="CALL_CACHING_RESULT_METAINFO"/>
    </changeSet>

</databaseChangeLog>
