<?xml version="1.0" encoding="UTF-8" standalone="no"?>
<databaseChangeLog xmlns="http://www.liquibase.org/xml/ns/dbchangelog"
                   xmlns:xsi="http://www.w3.org/2001/XMLSchema-instance"
                   xsi:schemaLocation="http://www.liquibase.org/xml/ns/dbchangelog http://www.liquibase.org/xml/ns/dbchangelog/dbchangelog-3.3.xsd">

    <changeSet author="rmunshi" id="call_caching_job_detritus">
        <comment>
            One row per job detritus file (i.e, one row for the stdout, stderr, etc)
            The job detritus key contains the filename, such as hello-stdout, and the job detritus
            value contains the file path, such as gs://cromwell-root/hello/call-hello/hello-stdout.log.
            Additionally there is a backend-specific key used to save the root directory path of the
            given job.
        </comment>
        <createTable tableName="CALL_CACHING_JOB_DETRITUS">
            <column autoIncrement="true" name="CALL_CACHING_JOB_DETRITUS_ID" type="INT">
                <constraints primaryKey="true" primaryKeyName="PK_CALL_CACHING_JOB_DETRITUS_ID"/>
            </column>
            <column name="JOB_DETRITUS_KEY" type="VARCHAR(255)">
                <constraints nullable="false"/>
            </column>
            <column name="JOB_DETRITUS_VALUE" type="VARCHAR(255)">
                <constraints nullable="false"/>
            </column>
            <column name="RESULT_METAINFO_ID" type="INT">
                <constraints nullable="false"/>
            </column>
        </createTable>
    </changeSet>

    <!-- Don't want to store the same standard output key twice for each job/RESULT_METAINFO_ID) -->
    <changeSet author="rmunshi" id="call_caching_job_detritus_key_uniqueness">
        <addUniqueConstraint constraintName="UK_CALL_CACHING_JOB_DETRITUS_KEY"
                             tableName="CALL_CACHING_JOB_DETRITUS" columnNames="JOB_DETRITUS_KEY, RESULT_METAINFO_ID" />
    </changeSet>

    <!-- Make RESULT_METAINFO_ID a FK into CALL_CACHING_RESULT_METAINFO -->
    <changeSet author="rmunshi" id="call_caching_job_detritus_foreign_key">
        <addForeignKeyConstraint constraintName="CCJD_RESULT_METAINFO_ID_FK"
                                 baseTableName="CALL_CACHING_JOB_DETRITUS"
                                 baseColumnNames="RESULT_METAINFO_ID"
                                 referencedTableName="CALL_CACHING_RESULT_METAINFO"
                                 referencedColumnNames="CALL_CACHING_RESULT_METAINFO_ID"/>
    </changeSet>

</databaseChangeLog>
