<?xml version="1.0" encoding="UTF-8" standalone="no"?>
<databaseChangeLog xmlns="http://www.liquibase.org/xml/ns/dbchangelog"
                   xmlns:xsi="http://www.w3.org/2001/XMLSchema-instance"
                   xsi:schemaLocation="http://www.liquibase.org/xml/ns/dbchangelog http://www.liquibase.org/xml/ns/dbchangelog/dbchangelog-3.3.xsd">
    <property name="boolean.type" value="BOOLEAN" dbms="!mysql"/>
    <property name="boolean.type" value="TINYINT" dbms="mysql"/>
    <changeSet author="chrisl" id="call_result_caching">
        <comment>Adding some tracking columns for determining eligibility for Call Result Caching.</comment>
        <addColumn tableName="EXECUTION">
            <column name="ALLOWS_RESULT_REUSE" type="${boolean.type}" defaultValueBoolean="true" >
                <constraints nullable="false" />
            </column>
            <column name="DOCKER_IMAGE_HASH" type="VARCHAR(100)">
                <constraints nullable="true" />
            </column>
            <column name="RESULTS_CLONED_FROM" type="INT">
                <constraints nullable="true" />
            </column>
            <column name="EXECUTION_HASH" type="VARCHAR(100)">
                <constraints nullable="true" />
            </column>
        </addColumn>
        <createIndex indexName="HASH_INDEX"
                     tableName="EXECUTION" unique="false">
            <column name="EXECUTION_HASH"/>
        </createIndex>

        <addColumn tableName="SYMBOL">
            <column name="HASH" type="VARCHAR(100)">
                <constraints nullable="true" />
            </column>
        </addColumn>

        <addForeignKeyConstraint baseTableName="EXECUTION"
                                 referencedTableName="EXECUTION"
                                 baseColumnNames="RESULTS_CLONED_FROM"
                                 referencedColumnNames="EXECUTION_ID"
                                 constraintName="FK_RESULTS_CLONED_FROM"
                                 onDelete="SET NULL" />
    </changeSet>
</databaseChangeLog>