<?xml version="1.0" encoding="UTF-8" standalone="no"?>
<databaseChangeLog xmlns="http://www.liquibase.org/xml/ns/dbchangelog"
                   xmlns:xsi="http://www.w3.org/2001/XMLSchema-instance"
                   xsi:schemaLocation="http://www.liquibase.org/xml/ns/dbchangelog http://www.liquibase.org/xml/ns/dbchangelog/dbchangelog-3.3.xsd">

    <changeSet author="mcovarr" id="entry_or_journal_existence_xor">
        <preConditions>
            <or>
                <and>
                    <tableExists tableName="METADATA_JOURNAL"/>
                    <not>
                        <tableExists tableName="METADATA_ENTRY"/>
                    </not>
                </and>
                <and>
                    <tableExists tableName="METADATA_ENTRY"/>
                    <not>
                        <tableExists tableName="METADATA_JOURNAL"/>
                    </not>
                </and>
            </or>
        </preConditions>
        <comment>
            Either METADATA_JOURNAL or METADATA_ENTRY must exist, but not both (Liquibase doesn't have an xor).
        </comment>
    </changeSet>

    <changeSet author="mcovarr" id="embiggen_metadata_entry">
        <preConditions onFail="MARK_RAN">
            <tableExists tableName="METADATA_ENTRY"/>
        </preConditions>
        <comment>
            The METADATA_ENTRY version of the embiggener. This should gracefully handle the absence of the table
            in the event the table is still called METADATA_JOURNAL when this runs.
        </comment>
        <modifyDataType tableName="METADATA_ENTRY" columnName="METADATA_VALUE" newDataType="LONGTEXT"/>
    </changeSet>

    <changeSet author="mcovarr" id="embiggen_metadata_journal">
        <preConditions onFail="MARK_RAN">
            <tableExists tableName="METADATA_JOURNAL"/>
        </preConditions>
        <comment>
            The METADATA_JOURNAL version of the embiggener. This should gracefully handle the absence of the table
            in the event the table has been renamed to METADATA_ENTRY when this runs.
        </comment>
        <modifyDataType tableName="METADATA_JOURNAL" columnName="METADATA_VALUE" newDataType="LONGTEXT"/>
    </changeSet>

</databaseChangeLog>
