<?xml version="1.0" encoding="UTF-8" standalone="no"?>
<databaseChangeLog xmlns="http://www.liquibase.org/xml/ns/dbchangelog"
                   xmlns:xsi="http://www.w3.org/2001/XMLSchema-instance"
                   xsi:schemaLocation="http://www.liquibase.org/xml/ns/dbchangelog http://www.liquibase.org/xml/ns/dbchangelog/dbchangelog-3.3.xsd">

    <changeSet author="chrisl" id="execution_event_table">
        <createTable tableName="EXECUTION_EVENT">
            <column autoIncrement="true" name="EVENT_ID" type="INT">
                <constraints primaryKey="true" primaryKeyName="PK_EVENT"/>
            </column>
            <column name="EXECUTION_ID" type="INT">
                <constraints nullable="false"/>
            </column>
            <column name="DESCRIPTION" type="VARCHAR(255)">
                <constraints nullable="false"/>
            </column>
            <column name="START_DT" type="DATETIME">
                <constraints nullable="false"/>
            </column>
            <column name="END_DT" type="DATETIME">
                <constraints nullable="true"/>
            </column>
        </createTable>

        <addForeignKeyConstraint constraintName="FK_EXECUTION_EVENT_EXECUTION_ID"
                                 baseTableName="EXECUTION_EVENT" baseColumnNames="EXECUTION_ID"
                                 referencedTableName="EXECUTION" referencedColumnNames="EXECUTION_ID"/>

        <addUniqueConstraint
                tableName="EXECUTION_EVENT"
                columnNames="EXECUTION_ID, DESCRIPTION"
                constraintName="UK_EXECUTION_EVENT_EXECUTION_ID_DESCRIPTION"/>
    </changeSet>

    <changeSet id="execution_event_table_milliseconds" author="chrisl" dbms="mysql">
        <modifyDataType tableName="EXECUTION_EVENT" columnName="START_DT" newDataType="DATETIME(6)" />
        <modifyDataType tableName="EXECUTION_EVENT" columnName="END_DT" newDataType="DATETIME(6)" />
    </changeSet>

</databaseChangeLog>
