<?xml version="1.0" encoding="UTF-8" standalone="no"?>
<databaseChangeLog xmlns="http://www.liquibase.org/xml/ns/dbchangelog"
                   xmlns:xsi="http://www.w3.org/2001/XMLSchema-instance"
                   xsi:schemaLocation="http://www.liquibase.org/xml/ns/dbchangelog http://www.liquibase.org/xml/ns/dbchangelog/dbchangelog-3.3.xsd">

    <changeSet author="mcovarr" id="CREATE_EXECUTION_INFO">
        <createTable tableName="EXECUTION_INFO">
            <column autoIncrement="true" name="EXECUTION_INFO_ID" type="INT">
                <constraints primaryKey="true" primaryKeyName="PK_EXECUTION_INFO"/>
            </column>
            <column name="EXECUTION_ID" type="INT">
                <constraints nullable="false"/>
            </column>
            <column name="INFO_KEY" type="VARCHAR(255)">
                <constraints nullable="false"/>
            </column>
            <column name="INFO_VALUE" type="TEXT">
                <constraints nullable="true"/>
            </column>
        </createTable>
    </changeSet>

    <changeSet id="add_foreign_key_constraints" author="mcovarr">
        <addForeignKeyConstraint constraintName="FK_EXECUTION_INFO_EXECUTION"
                                 baseTableName="EXECUTION_INFO" baseColumnNames="EXECUTION_ID"
                                 referencedTableName="EXECUTION"
                                 referencedColumnNames="EXECUTION_ID"/>
    </changeSet>

    <changeSet id="add_backend_type_column" author="mcovarr">
        <addColumn tableName="EXECUTION">
            <column name="BACKEND_TYPE" type="VARCHAR(255)">
                <constraints nullable="true"/>
            </column>
        </addColumn>
    </changeSet>

    <changeSet id="insert_data_from_backend_tables" author="mcovarr">
        <sql>
            insert into EXECUTION_INFO(EXECUTION_ID, INFO_KEY, INFO_VALUE)
            select EXECUTION_ID, "JES_RUN_ID", JES_RUN_ID from JES_JOB;

            insert into EXECUTION_INFO(EXECUTION_ID, INFO_KEY, INFO_VALUE)
            select EXECUTION_ID, "JES_STATUS", JES_STATUS from JES_JOB;

            insert into EXECUTION_INFO(EXECUTION_ID, INFO_KEY, INFO_VALUE)
            select EXECUTION_ID, "PID", PID from LOCAL_JOB;

            insert into EXECUTION_INFO(EXECUTION_ID, INFO_KEY, INFO_VALUE)
            select EXECUTION_ID, "SGE_JOB_NUMBER", SGE_JOB_NUMBER from SGE_JOB;
        </sql>
    </changeSet>

    <changeSet id="set_backend_type" author="mcovarr">
        <sql>
            update EXECUTION e set BACKEND_TYPE = 'JES' where exists
            (select 1 from JES_JOB jj where jj.EXECUTION_ID = e.EXECUTION_ID);

            update EXECUTION e set BACKEND_TYPE = 'SGE' where exists
            (select 1 from SGE_JOB sj where sj.EXECUTION_ID = e.EXECUTION_ID);

            update EXECUTION e set BACKEND_TYPE = 'Local' where exists
            (select 1 from LOCAL_JOB lj where lj.EXECUTION_ID = e.EXECUTION_ID);
        </sql>
    </changeSet>

    <changeSet id="drop_job_tables" author="mcovarr">
        <dropTable tableName="JES_JOB" />
        <dropTable tableName="SGE_JOB" />
        <dropTable tableName="LOCAL_JOB" />
    </changeSet>

    <changeSet id="execution_info_uniqueness_constraint" author="mcovarr">
        <addUniqueConstraint constraintName="UK_EXECUTION_INFO"
                             tableName="EXECUTION_INFO"
                             columnNames="EXECUTION_ID, INFO_KEY" />
    </changeSet>

    <changeSet id="execution_backend_type_not_null" author="mcovarr">
        <addNotNullConstraint tableName="EXECUTION"
                              columnName="BACKEND_TYPE"
                              columnDataType="VARCHAR(255)"/>
    </changeSet>

</databaseChangeLog>
