<?xml version="1.0" encoding="UTF-8" standalone="no"?>
<databaseChangeLog xmlns="http://www.liquibase.org/xml/ns/dbchangelog"
                   xmlns:xsi="http://www.w3.org/2001/XMLSchema-instance"
                   xsi:schemaLocation="http://www.liquibase.org/xml/ns/dbchangelog http://www.liquibase.org/xml/ns/dbchangelog/dbchangelog-3.3.xsd">

    <changeSet author="chrisl" id="failure_table">
        <createTable tableName="FAILURE_EVENT">
            <column autoIncrement="true" name="FAILURE_EVENT_ID" type="INT">
                <constraints primaryKey="true" primaryKeyName="PK_FAILURE_EVENT"/>
            </column>
            <column name="WORKFLOW_EXECUTION_ID" type="INT">
                <constraints nullable="false"/>
            </column>
            <column name="EXECUTION_ID" type="INT">
                <constraints nullable="true"/>
            </column>
            <column name="EVENT_MESSAGE" type="VARCHAR(1024)">
                <constraints nullable="false"/>
            </column>
            <column name="EVENT_TIMESTAMP" type="DATETIME">
                <constraints nullable="false"/>
            </column>
        </createTable>

        <addForeignKeyConstraint constraintName="FK_FAILURE_EVENT_EXECUTION_ID"
                                 baseTableName="FAILURE_EVENT" baseColumnNames="EXECUTION_ID"
                                 referencedTableName="EXECUTION" referencedColumnNames="EXECUTION_ID"/>

        <addForeignKeyConstraint constraintName="FK_FAILURE_EVENT_WORKFLOW_EXECUTION_ID"
                                 baseTableName="FAILURE_EVENT" baseColumnNames="WORKFLOW_EXECUTION_ID"
                                 referencedTableName="WORKFLOW_EXECUTION" referencedColumnNames="WORKFLOW_EXECUTION_ID"/>

    </changeSet>

    <changeSet id="execution_event_table_milliseconds" author="chrisl" dbms="mysql">
        <modifyDataType tableName="FAILURE_EVENT" columnName="EVENT_TIMESTAMP" newDataType="DATETIME(6)" />
    </changeSet>

</databaseChangeLog>
