<?xml version="1.0" encoding="UTF-8" standalone="no"?>
<databaseChangeLog xmlns="http://www.liquibase.org/xml/ns/dbchangelog"
                   xmlns:xsi="http://www.w3.org/2001/XMLSchema-instance"
                   xsi:schemaLocation="http://www.liquibase.org/xml/ns/dbchangelog http://www.liquibase.org/xml/ns/dbchangelog/dbchangelog-3.3.xsd">

    <property name="clob.type" value="LONGTEXT" dbms="mysql"/>
    <property name="clob.type" value="LONGVARCHAR" dbms="hsqldb"/>

    <changeSet author="chrisl" id="JOB_STORE">
        <comment>
            Temporary storage area for completed jobs which belong to workflows that are still in progress.
        </comment>
        <createTable tableName="JOB_STORE">
            <column autoIncrement="true" name="JOB_STORE_ID" type="INT">
                <constraints primaryKey="true" primaryKeyName="PK_JOB_STORE"/>
            </column>
            <!-- Key fields -->
            <column name="WORKFLOW_UUID" type="VARCHAR(255)">
                <constraints nullable="false"/>
            </column>
            <column name="CALL_FQN" type="VARCHAR(255)">
                <constraints nullable="false"/>
            </column>
            <column name="JOB_SCATTER_INDEX" type="INT">
                <constraints nullable="false"/>
            </column>
            <column name="JOB_RETRY_ATTEMPT" type="INT">
                <constraints nullable="false"/>
            </column>
            <!-- Value fields -->
            <column name="JOB_SUCCESSFUL" type="BOOLEAN">
                <constraints nullable="false"/>
            </column>
            <column name="RETURN_CODE" type="INT">
                <constraints nullable="true"/>
            </column>
            <column name="JOB_OUTPUT" type="${clob.type}">
                <constraints nullable="true"/>
            </column>
            <column name="EXCEPTION_MESSAGE" type="${clob.type}">
                <constraints nullable="true"/>
            </column>
            <column name="RETRYABLE_FAILURE" type="BOOLEAN">
                <constraints nullable="true" />
            </column>
        </createTable>
        <modifySql dbms="mysql">
            <append value=" ENGINE=INNODB"/>
        </modifySql>
    </changeSet>

    <changeSet author="chrisl" id="job_store_uuid_index">
        <createIndex indexName="JOB_STORE_UUID_IDX"
                     tableName="JOB_STORE">
            <column name="WORKFLOW_UUID"/>
        </createIndex>
    </changeSet>

    <changeSet author="chrisl" id="job_store_jobkey_index">
        <addUniqueConstraint constraintName="JOB_STORE_JOBKEY_IDX"
                     tableName="JOB_STORE" columnNames="WORKFLOW_UUID, CALL_FQN, JOB_SCATTER_INDEX, JOB_RETRY_ATTEMPT" />

    </changeSet>

</databaseChangeLog>
