<?xml version="1.0" encoding="UTF-8" standalone="no"?>
<databaseChangeLog xmlns="http://www.liquibase.org/xml/ns/dbchangelog"
                   xmlns:xsi="http://www.w3.org/2001/XMLSchema-instance"
                   xsi:schemaLocation="http://www.liquibase.org/xml/ns/dbchangelog http://www.liquibase.org/xml/ns/dbchangelog/dbchangelog-3.3.xsd">

    <property name="clob.type" value="LONGTEXT" dbms="mysql"/>
    <property name="clob.type" value="LONGVARCHAR" dbms="hsqldb"/>

    <changeSet author="mcovarr" id="job_store_result_simpletons">
        <comment>
            One row per result simpleton in the job result.
            Simpleton: a single non-complex WDL value.
            The simpleton key contains the necessary FQN and structure information for reconstructing the job result
        </comment>
        <createTable tableName="JOB_STORE_RESULT_SIMPLETON">
            <column autoIncrement="true" name="JOB_STORE_RESULT_SIMPLETON_ID" type="INT">
                <constraints primaryKey="true" primaryKeyName="PK_JOB_STORE_RESULT_SIMPLETON_ID"/>
            </column>
            <column name="SIMPLETON_KEY" type="VARCHAR(255)">
                <constraints nullable="false"/>
            </column>
            <column name="SIMPLETON_VALUE" type="${clob.type}">
                <constraints nullable="false"/>
            </column>
            <column name="WDL_TYPE" type="VARCHAR(255)">
                <constraints nullable="false"/>
            </column>
            <column name="JOB_STORE_ID" type="INT">
                <constraints nullable="false"/>
            </column>
        </createTable>
        <modifySql dbms="mysql">
            <append value=" ENGINE=INNODB"/>
        </modifySql>
    </changeSet>

    <!-- Unlike the metadata journal, we never want to store the same simpleton key twice (for the same RESULT_METAINFO_ID) -->
    <changeSet author="mcovarr" id="job_store_result_simpletons_uniqueness">
        <addUniqueConstraint constraintName="UK_JOB_STORE_RESULT_SIMPLETON"
                             tableName="JOB_STORE_RESULT_SIMPLETON" columnNames="SIMPLETON_KEY, JOB_STORE_ID" />
    </changeSet>

    <!-- Make JOB_STORE_ID a FK into JOB_STORE -->
    <changeSet author="mcovarr" id="job_store_result_simpletons_foreign_key">
        <addForeignKeyConstraint constraintName="JSRS_JOB_STORE_FK"
                                 baseTableName="JOB_STORE_RESULT_SIMPLETON"
                                 baseColumnNames="JOB_STORE_ID"
                                 referencedTableName="JOB_STORE"
                                 referencedColumnNames="JOB_STORE_ID"
                                 onDelete="CASCADE"
        />
    </changeSet>

    <changeSet id="job_store_remove_job_output" author="mcovarr">
        <comment>
            There is no attempt at migrating the contents of JOB_STORE.JOB_OUTPUTS to simpletons, this just removes the column.
        </comment>
        <dropColumn tableName="JOB_STORE" columnName="JOB_OUTPUT"/>
    </changeSet>

</databaseChangeLog>
