<?xml version="1.0" encoding="UTF-8" standalone="no"?>
<databaseChangeLog xmlns="http://www.liquibase.org/xml/ns/dbchangelog"
                   xmlns:xsi="http://www.w3.org/2001/XMLSchema-instance"
                   xsi:schemaLocation="http://www.liquibase.org/xml/ns/dbchangelog http://www.liquibase.org/xml/ns/dbchangelog/dbchangelog-3.3.xsd">

    <changeSet author="tjeandet" id="runtime-attributes-table">
        <createTable tableName="RUNTIME_ATTRIBUTES">
            <column autoIncrement="true" name="RUNTIME_ATTRIBUTE_ID" type="INT">
                <constraints primaryKey="true" primaryKeyName="PK_RUNTIME_ATTRIBUTE"/>
            </column>
            <column name="EXECUTION_ID" type="INT">
                <constraints nullable="false"/>
            </column>
            <column name="ATTRIBUTE_NAME" type="VARCHAR(255)">
                <constraints nullable="false"/>
            </column>
            <column name="ATTRIBUTE_VALUE" type="TEXT">
                <constraints nullable="false"/>
            </column>
        </createTable>

        <addForeignKeyConstraint constraintName="FK_RUNTIME_ATTRIBUTE_EXECUTION"
                                 baseTableName="RUNTIME_ATTRIBUTES" baseColumnNames="EXECUTION_ID"
                                 referencedTableName="EXECUTION"
                                 referencedColumnNames="EXECUTION_ID"/>

        <addUniqueConstraint constraintName="UK_RUNTIME_ATTRIBUTE"
                             tableName="RUNTIME_ATTRIBUTES"
                             columnNames="EXECUTION_ID, ATTRIBUTE_NAME" />
    </changeSet>


</databaseChangeLog>
