<?xml version="1.0" encoding="UTF-8" standalone="no"?>
<databaseChangeLog xmlns="http://www.liquibase.org/xml/ns/dbchangelog"
                   xmlns:xsi="http://www.w3.org/2001/XMLSchema-instance"
                   xsi:schemaLocation="http://www.liquibase.org/xml/ns/dbchangelog http://www.liquibase.org/xml/ns/dbchangelog/dbchangelog-3.3.xsd">
    <changeSet author="scottfrazer" id="sge">

        <createTable tableName="SGE_JOB">
            <column autoIncrement="true" name="SGE_JOB_ID" type="INT">
                <constraints primaryKey="true" primaryKeyName="PK_SGE_JOB"/>
            </column>
            <column name="EXECUTION_ID" type="INT">
                <constraints nullable="false"/>
            </column>
            <column name="SGE_JOB_NUMBER" type="INT">
                <constraints nullable="false"/>
            </column>
        </createTable>

        <modifySql dbms="mysql">
            <append value=" ENGINE=INNODB"/>
        </modifySql>
    </changeSet>

    <changeSet author="scottfrazer" id="db_schema_constraints">
        <addForeignKeyConstraint constraintName="FK_SGE_JOB_EXECUTION_ID"
                                 baseTableName="SGE_JOB" baseColumnNames="EXECUTION_ID"
                                 referencedTableName="EXECUTION" referencedColumnNames="EXECUTION_ID"/>
    </changeSet>
</databaseChangeLog>
