<?xml version="1.0" encoding="UTF-8" standalone="no"?>
<databaseChangeLog xmlns="http://www.liquibase.org/xml/ns/dbchangelog"
                   xmlns:xsi="http://www.w3.org/2001/XMLSchema-instance"
                   xsi:schemaLocation="http://www.liquibase.org/xml/ns/dbchangelog http://www.liquibase.org/xml/ns/dbchangelog/dbchangelog-3.3.xsd">

    <property name="clob.type" value="LONGTEXT" dbms="mysql"/>
    <property name="clob.type" value="LONGVARCHAR" dbms="hsqldb"/>

    <changeSet author="tjeandet" id="SUB_WORKFLOW_STORE_ENTRY">
        <comment>
            Temporary storage area for sub workflows which belong to workflows that are still in progress.
        </comment>
        <createTable tableName="SUB_WORKFLOW_STORE_ENTRY">
            <column autoIncrement="true" name="SUB_WORKFLOW_STORE_ENTRY_ID" type="INT">
                <constraints primaryKey="true" primaryKeyName="PK_SUB_WORKFLOW_STORE_ENTRY"/>
            </column>
            <!-- Key fields -->
            <column name="ROOT_WORKFLOW_ID" type="INT">
                <constraints nullable="false"/>
            </column>
            <column name="PARENT_WORKFLOW_EXECUTION_UUID" type="VARCHAR(255)">
                <constraints nullable="false"/>
            </column>
            <column name="CALL_FULLY_QUALIFIED_NAME" type="VARCHAR(255)">
                <constraints nullable="false"/>
            </column>
            <column name="CALL_INDEX" type="INT">
                <constraints nullable="false"/>
            </column>
            <column name="CALL_ATTEMPT" type="INT">
                <constraints nullable="false"/>
            </column>
            <!-- Value fields -->
            <column name="SUB_WORKFLOW_EXECUTION_UUID" type="VARCHAR(255)">
                <constraints nullable="false"/>
            </column>
        </createTable>
        <modifySql dbms="mysql">
            <append value=" ENGINE=INNODB"/>
        </modifySql>
    </changeSet>

    <changeSet author="tjeandet" id="sub_workflow_store_uuid_index">
        <createIndex indexName="IX_SUB_WORKFLOW_STORE_ENTRY_PWEU"
                     tableName="SUB_WORKFLOW_STORE_ENTRY">
            <column name="PARENT_WORKFLOW_EXECUTION_UUID"/>
        </createIndex>
    </changeSet>

    <changeSet author="tjeandet" id="sub_workflow_store_jobkey_index">
        <addUniqueConstraint constraintName="UC_SUB_WORKFLOW_STORE_ENTRY_PWEU_CFQN_CI_CA"
                     tableName="SUB_WORKFLOW_STORE_ENTRY" columnNames="PARENT_WORKFLOW_EXECUTION_UUID, CALL_FULLY_QUALIFIED_NAME, CALL_INDEX, CALL_ATTEMPT" />

    </changeSet>

    <changeSet author="tjeandet" id="sub_workflow_store_root_workflow_fk">
    <addForeignKeyConstraint constraintName="FK_SUB_WORKFLOW_STORE_ROOT_WORKFLOW_ID_WORKFLOW_STORE_ENTRY_ID" onDelete="CASCADE"
                             referencedTableName="WORKFLOW_STORE_ENTRY" referencedColumnNames="WORKFLOW_STORE_ENTRY_ID"
                             baseTableName="SUB_WORKFLOW_STORE_ENTRY" baseColumnNames="ROOT_WORKFLOW_ID"/>
     </changeSet>

</databaseChangeLog>
