<?xml version="1.0" encoding="UTF-8" standalone="no"?>
<databaseChangeLog xmlns="http://www.liquibase.org/xml/ns/dbchangelog"
                   xmlns:xsi="http://www.w3.org/2001/XMLSchema-instance"
                   xsi:schemaLocation="http://www.liquibase.org/xml/ns/dbchangelog http://www.liquibase.org/xml/ns/dbchangelog/dbchangelog-3.3.xsd">

    <changeSet author="kshakir" id="summary_status_table">
        <createTable tableName="SUMMARY_STATUS">
            <column name="SUMMARY_STATUS_ID" type="INT" autoIncrement="true">
                <constraints primaryKey="true" primaryKeyName="PK_SUMMARY_STATUS"/>
            </column>
            <column name="SUMMARY_TABLE_NAME" type="VARCHAR(255)">
                <constraints nullable="false"/>
            </column>
            <column name="SUMMARIZED_TABLE_NAME" type="VARCHAR(255)">
                <constraints nullable="false"/>
            </column>
            <column name="MAXIMUM_ID" type="BIGINT">
                <constraints nullable="false"/>
            </column>
        </createTable>

        <modifySql dbms="mysql">
            <append value=" ENGINE=INNODB"/>
        </modifySql>
    </changeSet>

    <changeSet author="kshakir" id="summary_status_summarized_table_name_index">
        <addUniqueConstraint tableName="SUMMARY_STATUS"
                             columnNames="SUMMARY_TABLE_NAME, SUMMARIZED_TABLE_NAME"
                             constraintName="SUMMARY_STATUS_SUMMARY_TABLE_NAME_SUMMARIZED_TABLE_NAME_INDEX"/>
    </changeSet>

</databaseChangeLog>
