<?xml version="1.0" encoding="UTF-8" standalone="no"?>
<databaseChangeLog xmlns="http://www.liquibase.org/xml/ns/dbchangelog"
                   xmlns:xsi="http://www.w3.org/2001/XMLSchema-instance"
                   xsi:schemaLocation="http://www.liquibase.org/xml/ns/dbchangelog http://www.liquibase.org/xml/ns/dbchangelog/dbchangelog-3.3.xsd">

    <changeSet author="chrisl" id="top_level_output">
        <comment>Adds a REPORTABLE_RESULT field to SYMBOL so that the DB can track which symbols represent top-level results.</comment>
        <addColumn tableName="SYMBOL">
            <column name="REPORTABLE_RESULT" type="TINYINT" >
                <constraints nullable="false" />
            </column>
        </addColumn>
    </changeSet>

</databaseChangeLog>