<?xml version="1.0" encoding="UTF-8" standalone="no"?>
<databaseChangeLog xmlns="http://www.liquibase.org/xml/ns/dbchangelog"
                   xmlns:xsi="http://www.w3.org/2001/XMLSchema-instance"
                   xsi:schemaLocation="http://www.liquibase.org/xml/ns/dbchangelog http://www.liquibase.org/xml/ns/dbchangelog/dbchangelog-3.3.xsd">

    <changeSet id="metadata_journal_id_int_to_big_int" author="kshakir">
        <modifyDataType tableName="METADATA_JOURNAL" columnName="METADATA_JOURNAL_ID" newDataType="BIGINT" />
        <addAutoIncrement tableName="METADATA_JOURNAL" columnName="METADATA_JOURNAL_ID" columnDataType="BIGINT" />
    </changeSet>

    <changeSet id="workflow_metadata_summary" author="mcovarr">
        <createTable tableName="WORKFLOW_METADATA_SUMMARY">
            <column autoIncrement="true" name="WORKFLOW_METADATA_SUMMARY_ID" type="BIGINT">
                <constraints primaryKey="true" primaryKeyName="PK_WORKFLOW_METADATA_SUMMARY"/>
            </column>
            <column name="WORKFLOW_EXECUTION_UUID" type="VARCHAR(100)">
                <constraints nullable="false"/>
            </column>
            <column name="WORKFLOW_NAME" type="VARCHAR(100)"/>
            <column name="WORKFLOW_STATUS" type="VARCHAR(50)"/>
            <column name="START_DT" type="datetime"/>
            <column name="END_DT" type="datetime"/>
        </createTable>
    </changeSet>

    <changeSet id="workflow_metadata_uuid_idx" author="mcovarr">
        <addUniqueConstraint tableName="WORKFLOW_METADATA_SUMMARY"
                             constraintName="WORKFLOW_METADATA_UUID_IDX"
                             columnNames="WORKFLOW_EXECUTION_UUID" />
    </changeSet>

    <changeSet id="workflow_metadata_name_idx" author="mcovarr">
        <createIndex indexName="WORKFLOW_METADATA_NAME_IDX"
                     tableName="WORKFLOW_METADATA_SUMMARY" unique="false">
            <column name="WORKFLOW_NAME"/>
        </createIndex>
    </changeSet>

    <changeSet id="workflow_metadata_status_idx" author="mcovarr">
        <createIndex indexName="WORKFLOW_METADATA_STATUS_IDX"
                     tableName="WORKFLOW_METADATA_SUMMARY" unique="false">
            <column name="WORKFLOW_STATUS"/>
        </createIndex>
    </changeSet>

    <!-- Clustered indexes for start and end dates might be nice -->
</databaseChangeLog>
